term; C1; C2
 свидетельствовать ;0.0;0.0014561348965125168
 беспроводной ;0.0;0.0030494072625225853
 медведев ;0.03001107011283707;0.0
 высказывать ;0.0048456951254711;0.0
 предложение ;0.0059298411939483296;0.0
 учитывать ;0.0;0.0015005059429547979
 идти ;0.003139386746306088;0.0007067929452445347
 одновременный ;0.0;0.000882198268476181
 разработчик ;0.0;0.0025662469249230664
 iron ;0.0;0.004065876350030114
 следующий ;0.004404469566195281;0.0
 входить ;0.0;0.002787447635129822
 the ;0.0049377777018848375;0.000989025476363698
 монт ;0.006002214022567414;0.0
 улица ;0.0;0.0
 доступный ;0.0;0.0015005059429547979
 создание ;0.0;0.002787447635129822
 сыграть ;0.011331413458504774;0.0
 суметь ;0.0;0.0
 апр ;0.006231613399747714;0.0
 свой ;0.0169725283137884;0.0060148151565355195
 кирилл ;0.0;0.0
 смотреть ;0.004547565611633706;0.0
 классификация ;0.0;0.0015033746789526693
 состояние ;0.0;0.0017108445240659252
 венгрия ;0.006231613399747714;0.0
 иной ;0.0;0.002805546453605159
 энергоэффективный ;0.0;0.0
 континентальный ;0.011608881544883314;0.0
 это ;0.016613155200666647;0.00841561259733669
 пятница ;0.013509246355101883;0.0
 полуфинал ;0.0049941495064383815;0.0
 просто ;0.003501368491801853;0.0
 краснодар ;0.0;0.0
 методический ;0.0;0.001764396536952362
 гибридный ;0.0;0.001140816611761391
 тенденция ;0.0;0.0007461303678611407
 аварийность ;0.0;0.0
 ольга ;0.0048456951254711;0.0
 цент ;0.0;0.0
 интернет ;0.0;0.006840897456913686
 устройство ;0.0;0.008958175711392496
 соблюдать ;0.0;0.0012648234779355791
 громкий ;0.0;0.0010164690875075284
 продолжать ;0.0048291998202196675;0.0
 планировать ;0.0;0.0025096876632774213
 угарный ;0.0;0.001140816611761391
 прочитывать ;0.0;0.0009342788128660262
 волнительный ;0.007754874458291616;0.0
 польза ;0.0049941495064383815;0.0012503735796400887
 недавно ;0.0;0.0
 служить ;0.0;0.0012648234779355791
 территория ;0.0;0.0022606027739131528
 журналист ;0.01452621729578878;0.0014795119065583327
 лайков ;0.0;0.008416639360815477
 поэтому ;0.00633441991283707;0.0010922906967071456
 промежуток ;0.0;0.0012648234779355791
 отходить ;0.0;0.0021138615816067327
 сезон ;0.01437326570604939;0.0
 шанс ;0.004120180372989972;0.0
 замена ;0.0;0.0
 мотив ;0.0;0.0007024746061436067
 интерес ;0.00682827082043508;0.0023126138269626804
 rights ;0.0;0.0007024746061436067
 несколько ;0.0;0.0025798372393499623
 приходить ;0.006438251064618571;0.0
 палитрумлаб ;0.0;0.0025391136309826628
 инструмент ;0.0;0.0012648234779355791
 словацкий ;0.0;0.0
 мечтать ;0.004547565611633706;0.0
 офф ;0.009835006348494005;0.0
 руководство ;0.0049377777018848375;0.0023266192505400247
 голосовой ;0.0;0.005515331679426224
 мобильный ;0.0;0.008014633452258857
 кататься ;0.005790738281758129;0.0
 отдавать ;0.0;0.0
 ведомство ;0.0;0.003528793073904724
 меняться ;0.0;0.000882198268476181
 rabota ;0.0;0.000882198268476181
 утверждать ;0.0;0.0012840683453194624
 воздух ;0.0;0.0023924940899364413
 опасность ;0.0;0.0014561348965125168
 жесткий ;0.0;0.0012648234779355791
 миллионный ;0.0;0.0015033746789526693
 ракетка ;0.012004428045134827;0.0
 морской ;0.0;0.001140816611761391
 информационный ;0.0;0.005798600893466013
 надежность ;0.0;0.0012648234779355791
 устанавливать ;0.0;0.002281633223522782
 фигурный ;0.008912699823739548;0.0
 повестка ;0.012306022074184414;0.0
 объективный ;0.004083500003519881;0.0010922906967071456
 травма ;0.004604545791386224;0.0
 марка ;0.0;0.0012648234779355791
 asus ;0.0;0.0
 взаимодействие ;0.0;0.004099421433799116
 распродавать ;0.0;0.0
 двойной ;0.012004428045134827;0.0
 столичный ;0.0038453184206224704;0.0
 самостоятельно ;0.0;0.0014561348965125168
 гарантированный ;0.0;0.00221651925041389
 голомолзин ;0.0;0.001764396536952362
 машина ;0.0;0.0026739250766445437
 финансовый ;0.0;0.002787447635129822
 длинный ;0.0;0.0021138615816067327
 новак ;0.012004428045134827;0.0
 регулярный ;0.003501368491801853;0.0
 поделиться ;0.004547565611633706;0.0
 ровный ;0.0;0.0
 business ;0.0;0.0007024746061436067
 функционер ;0.004120180372989972;0.0
 отношение ;0.0;0.000882198268476181
 text ;0.0;0.0007024746061436067
 май ;0.0;0.0
 процесс ;0.0;0.0028754644476260477
 сборная ;0.01655346742565191;0.0
 странный ;0.006312479520611608;0.0
 объяснять ;0.0;0.0
 скоринговый ;0.0;0.002787447635129822
 мл ;0.0;0.0010164690875075284
 производить ;0.0;0.0008155703608242409
 неожиданно ;0.0;0.0
 написать ;0.004083500003519881;0.0023266192505400247
 апрель ;0.021495432144927638;0.004430021515691653
 титул ;0.00802428187913506;0.0
 лаборатория ;0.0;0.0016311407216484817
 оригинальный ;0.0;0.0
 активный ;0.0;0.0014561348965125168
 характеристика ;0.0;0.002047917418537772
 согласно ;0.0;0.0020036583630647143
 летательный ;0.0;0.0034224498352841727
 сигнальный ;0.0;0.0015033746789526693
 очаг ;0.0;0.003916388520019322
 занимать ;0.00974412394096067;0.0014795119065583327
 чемпионка ;0.005790738281758129;0.0
 сопоставимый ;0.0;0.001140816611761391
 устраивать ;0.0;0.0
 поскольку ;0.0;0.0021138615816067327
 дьявол ;0.0059298411939483296;0.0
 instagram ;0.0;0.008416639360815477
 действительность ;0.0;0.000882198268476181
 сфера ;0.0043574577606932145;0.0005694633187383402
 назад ;0.004120180372989972;0.0
 т ;0.0;0.002368640378580044
 главный ;0.006911921265060931;0.0026089127052099036
 ювентус ;0.010469786627430111;0.0
 интеграция ;0.0;0.0012648234779355791
 намекать ;0.006312479520611608;0.0
 прием ;0.0;0.000882198268476181
 функциональность ;0.0;0.0010164690875075284
 агрессия ;0.0;0.015474148435197045
 аргентинец ;0.0;0.0
 относительно ;0.0;0.0
 направлять ;0.0;0.0007024746061436067
 автограф ;0.0;0.0050592939117423165
 display ;0.0;0.0015005059429547979
 емелин ;0.004120180372989972;0.0
 глубинный ;0.0;0.001315593686599481
 минута ;0.004404469566195281;0.0017080449245124787
 отслеживание ;0.0;0.0014561348965125168
 логичный ;0.0037722228774420287;0.0
 долгосрочный ;0.0037722228774420287;0.0
 празднование ;0.0;0.0
 сокращаться ;0.0;0.0
 французский ;0.0059298411939483296;0.0
 вес ;0.0;0.0012840683453194624
 разработка ;0.0;0.0025391136309826628
 интегрировать ;0.0;0.0012648234779355791
 транспортный ;0.0;0.0025296469558711582
 недостаток ;0.0;0.00221651925041389
 специальный ;0.00802428187913506;0.0
 запись ;0.0;0.002805546453605159
 признаваться ;0.005790738281758129;0.0
 лундквист ;0.0;0.0
 функция ;0.0;0.002032938175015057
 спорт ;0.008962003552079437;0.0
 запрещать ;0.004120180372989972;0.0
 соединение ;0.0;0.0008155703608242409
 веселиться ;0.0;0.0
 разрознивать ;0.0;0.0007024746061436067
 репост ;0.0;0.0007024746061436067
 антимонопольный ;0.0;0.001764396536952362
 керамика ;0.0;0.0010164690875075284
 думать ;0.0075444457548840575;0.0
 обсуждение ;0.0;0.000882198268476181
 медиа ;0.0;0.0025391136309826628
 неслыханный ;0.0;0.0
 разный ;0.0;0.0
 алексей ;0.003139386746306088;0.0007461303678611407
 конец ;0.0;0.0025096876632774213
 советник ;0.0;0.0007024746061436067
 зря ;0.004547565611633706;0.0
 паскаль ;0.006002214022567414;0.0
 остаток ;0.006312479520611608;0.0
 полноценный ;0.0;0.005173206526431048
 следовательно ;0.0;0.0
 вероятность ;0.0059298411939483296;0.0
 популярный ;0.0;0.0027925951640327957
 стартовать ;0.0;0.002787447635129822
 америка ;0.0073466869124243234;0.0
 анжи ;0.015509748916583231;0.0
 акселератор ;0.0;0.005574895270259644
 производиться ;0.0;0.0
 сообщаться ;0.008903461794196913;0.0012356361619595
 соответствующий ;0.0;0.000882198268476181
 контроллер ;0.0;0.0012648234779355791
 иметь ;0.005759276538635643;0.003104113038131293
 манчестер ;0.014506084173702836;0.0
 ждать ;0.005885969133747691;0.0028751389459391323
 межсезонье ;0.006754623177550941;0.0
 писаться ;0.0048456951254711;0.0
 центральный ;0.0;0.0008155703608242409
 печатание ;0.0;0.0021138615816067327
 юнайтед ;0.014506084173702836;0.0
 некоторый ;0.0;0.004227723163213465
 днк ;0.0;0.0029122697930250335
 организатор ;0.0;0.002787447635129822
 высокопроизводительный ;0.0;0.0
 таблица ;0.006153011037092207;0.0
 течь ;0.0;0.0012648234779355791
 отменять ;0.022514518842623694;0.0
 робот ;0.0;0.008530187552211667
 карьера ;0.0049941495064383815;0.0
 игорь ;0.006754623177550941;0.0
 зависимый ;0.0;0.0020036583630647143
 эмотивный ;0.0;0.0007024746061436067
 телеканал ;0.007754874458291616;0.0
 плей ;0.009835006348494005;0.0
 экономика ;0.0;0.000882198268476181
 китай ;0.0;0.0014561348965125168
 реал ;0.0;0.0
 конкурировать ;0.0;0.0015005059429547979
 пеллегриня ;0.0037722228774420287;0.0
 пострадавший ;0.00802428187913506;0.0
 появление ;0.0;0.0007715298311145166
 память ;0.0;0.0
 машинный ;0.0;0.0008155703608242409
 нетабуированный ;0.0;0.0015033746789526693
 картинка ;0.0;0.0008155703608242409
 остерегаться ;0.0;0.0014561348965125168
 web ;0.005790738281758129;0.0
 максимальный ;0.0;0.0028628718043212853
 широко ;0.0;0.001140816611761391
 настоящий ;0.0;0.0015144724060520119
 распечатка ;0.0;0.0021138615816067327
 опус ;0.0048456951254711;0.0
 аякса ;0.0;0.0
 заменять ;0.0;0.0
 казань ;0.012463226799495427;0.0
 рф ;0.006231613399747714;0.0
 упрощать ;0.0;0.0021138615816067327
 защищать ;0.0;0.0012840683453194624
 текст ;0.0;0.0007024746061436067
 мечта ;0.01737221484527439;0.0
 возле ;0.006312479520611608;0.0
 вратарь ;0.0049377777018848375;0.0
 продукт ;0.0;0.0039059261258099598
 рейтинг ;0.0049941495064383815;0.0012503735796400887
 девайс ;0.0;0.0020036583630647143
 предпоследний ;0.006153011037092207;0.0
 расти ;0.0;0.0
 пригождаться ;0.0;0.0012840683453194624
 завоевывать ;0.004547565611633706;0.0
 минимизировать ;0.0;0.0012648234779355791
 признавать ;0.0;0.0
 миллион ;0.0;0.00443303850082778
 возвращаться ;0.004547565611633706;0.0
 надеяться ;0.011150755789064147;0.001108259625206945
 нести ;0.0;0.0014561348965125168
 модем ;0.0;0.0016950163877560726
 заминка ;0.0;0.0
 складской ;0.0;0.004838063245584655
 управление ;0.0;0.0008155703608242409
 xiaomi ;0.0;0.006384266175159379
 оздоева ;0.0;0.0
 статистика ;0.0;0.0020036583630647143
 соперник ;0.01264192517526257;0.0
 роналд ;0.006312479520611608;0.0
 капризовый ;0.0;0.0
 общество ;0.0;0.0021138615816067327
 участие ;0.0;0.003009475735745136
 цска ;0.02152575116972945;0.0
 ноу ;0.0;0.0
 петербург ;0.011318435327883394;0.0
 распределение ;0.0;0.0012648234779355791
 голова ;0.0;0.001108259625206945
 regency ;0.0;0.0008155703608242409
 исходить ;0.0048456951254711;0.0
 повод ;0.0;0.0
 затрата ;0.0;0.0012648234779355791
 результат ;0.0;0.005574895270259644
 придавать ;0.005790738281758129;0.0
 пропустить ;0.006312479520611608;0.0
 эфир ;0.007754874458291616;0.0
 принудительный ;0.0;0.000882198268476181
 призыв ;0.0;0.0007024746061436067
 рассказывать ;0.0076973350477155065;0.0038767733072084263
 замок ;0.0;0.0010164690875075284
 лукака ;0.0059298411939483296;0.0
 армеец ;0.0038453184206224704;0.0
 svt ;0.0;0.0
 применяться ;0.0;0.0025391136309826628
 таковой ;0.0;0.0
 бавария ;0.0059298411939483296;0.0
 розничный ;0.0;0.0007024746061436067
 жена ;0.0;0.0
 представитель ;0.0;0.0006185538273587796
 money ;0.0;0.0012840683453194624
 елена ;0.0048456951254711;0.0
 guardian ;0.0;0.001140816611761391
 этери ;0.0096913902509422;0.0
 посмотреть ;0.0;0.0008155703608242409
 играть ;0.01257811487813578;0.0
 способ ;0.0;0.0008155703608242409
 необходимый ;0.0;0.002021903410754605
 park ;0.0;0.0008155703608242409
 запатентовывать ;0.0;0.0014561348965125168
 цифровой ;0.0;0.004018087483483194
 норма ;0.0;0.0
 складный ;0.0;0.0
 страница ;0.0048456951254711;0.0
 цифровизация ;0.0;0.0039232735537664916
 финальный ;0.0;0.0012840683453194624
 фильтр ;0.0;0.0007024746061436067
 кейс ;0.0;0.000882198268476181
 экран ;0.0;0.0
 соколов ;0.0;0.0007024746061436067
 намерение ;0.0;0.0007024746061436067
 частота ;0.0;0.0
 mining ;0.0;0.0007024746061436067
 илюха ;0.004120180372989972;0.0
 день ;0.004787448309860072;0.0024457352750582467
 выработка ;0.0;0.0014561348965125168
 забивать ;0.0;0.0
 направленный ;0.0;0.0015033746789526693
 средний ;0.0;0.003009475735745136
 информировать ;0.0;0.0
 база ;0.0;0.0
 журналистка ;0.0048456951254711;0.0
 логистический ;0.0;0.0025296469558711582
 xl ;0.0;0.0
 директор ;0.003501368491801853;0.0
 частный ;0.0;0.0015033746789526693
 франция ;0.00802428187913506;0.0
 конструкция ;0.0;0.0010164690875075284
 футболка ;0.00802428187913506;0.0
 гол ;0.0049377777018848375;0.0
 семья ;0.004547565611633706;0.0
 волна ;0.0;0.0007024746061436067
 передовой ;0.0;0.0010164690875075284
 радоваться ;0.0;0.0
 автономный ;0.0;0.0012840683453194624
 подавать ;0.0;0.002787447635129822
 правило ;0.0;0.0015033746789526693
 диспетчер ;0.0;0.0012648234779355791
 gpu ;0.0;0.0
 источник ;0.0;0.0041626868696939155
 арбитр ;0.0;0.0
 упряжка ;0.0;0.0012840683453194624
 анализ ;0.0;0.0014049492122872134
 находиться ;0.004350046007023982;0.002072248947445102
 спрос ;0.0;0.0018649018101888548
 cnbeta ;0.0;0.0
 кадровый ;0.0049377777018848375;0.0
 клиентский ;0.0;0.0007024746061436067
 синхронистка ;0.006231613399747714;0.0
 троллинг ;0.0;0.0015033746789526693
 дебют ;0.0;0.0
 лига ;0.02416797762061617;0.0
 выступать ;0.0024408240385999985;0.0024159334755362093
 мск ;0.007754874458291616;0.0
 скамейка ;0.0;0.0
 уменьшать ;0.0;0.001783173750918902
 отключаться ;0.0;0.0020036583630647143
 действие ;0.0;0.001764396536952362
 рука ;0.005234893313715056;0.001108259625206945
 начальный ;0.0;0.0007024746061436067
 актуально ;0.0;0.0007024746061436067
 хедир ;0.006312479520611608;0.0
 штырков ;0.007504839614207898;0.0
 версия ;0.0;0.002568136690638925
 гвардиола ;0.0037722228774420287;0.0
 dynamics ;0.0;0.002568136690638925
 срок ;0.0;0.0010922906967071456
 суд ;0.0;0.0057040830588069545
 ггц ;0.0;0.0
 наночастица ;0.0;0.001140816611761391
 богоматерь ;0.00802428187913506;0.0
 отпраздновать ;0.0;0.0
 атташе ;0.0096913902509422;0.0
 цыганов ;0.0;0.000882198268476181
 готовиться ;0.00633441991283707;0.0
 зона ;0.0;0.0007024746061436067
 месяц ;0.0;0.0
 разумеется ;0.004120180372989972;0.0
 финтех ;0.0;0.005574895270259644
 высокий ;0.0;0.00090023335421416
 груз ;0.0;0.002081316173070844
 командный ;0.006231613399747714;0.0
 номинация ;0.0;0.0007024746061436067
 умный ;0.0;0.007505727019270868
 малый ;0.0;0.002787447635129822
 зарядный ;0.0;0.002032938175015057
 операционный ;0.0;0.0
 google ;0.0;0.00226002185034143
 выхлопной ;0.0;0.0057040830588069545
 четвертьфинальный ;0.006002214022567414;0.0
 область ;0.0;0.003009475735745136
 робопс ;0.0;0.002568136690638925
 михеев ;0.008240360745979943;0.0
 жозе ;0.0037722228774420287;0.0
 пример ;0.0;0.002865990034504569
 риа ;0.006231613399747714;0.0
 начинаться ;0.005665706729252387;0.0010054181166413408
 разрешение ;0.0;0.0
 миннесота ;0.0;0.0
 часть ;0.0;0.001140816611761391
 сотрудничество ;0.0;0.002787447635129822
 сексизм ;0.0;0.0015033746789526693
 поле ;0.005234893313715056;0.0015430596622290332
 матейс ;0.0;0.0
 переигрывать ;0.006754623177550941;0.0
 заявлять ;0.009314050615422365;0.0008296093965288234
 катализатор ;0.0;0.001140816611761391
 использование ;0.0;0.003326233413147935
 право ;0.003139386746306088;0.0018368038704152498
 запас ;0.0;0.0037298036203777096
 травить ;0.0;0.0012840683453194624
 неудача ;0.005790738281758129;0.0
 соглашение ;0.0;0.0
 лионель ;0.0;0.0
 тренерский ;0.0;0.0
 обработка ;0.0;0.0007024746061436067
 чувствовать ;0.0037722228774420287;0.0
 акселерационная ;0.0;0.002787447635129822
 риск ;0.0;0.002787447635129822
 мысль ;0.005790738281758129;0.0
 facebook ;0.0048456951254711;0.0
 стиральный ;0.0;0.0008155703608242409
 конфликт ;0.0;0.0
 smart ;0.0;0.006694323305121452
 безос ;0.0;0.0012840683453194624
 слово ;0.009327483964531098;0.002839308865940934
 сначала ;0.0;0.0
 стартап ;0.0;0.002787447635129822
 минский ;0.018459033111276623;0.0
 защита ;0.0;0.0015033746789526693
 совмещать ;0.006231613399747714;0.0
 развитие ;0.0;0.0016370182369950207
 принимать ;0.007354696045649731;0.0021736465876178125
 предназначать ;0.0;0.0012648234779355791
 забронировать ;0.0;0.0014561348965125168
 обеспечивать ;0.0;0.0026646369096989878
 boston ;0.0;0.002568136690638925
 турнирный ;0.006153011037092207;0.0
 качественно ;0.0;0.0008155703608242409
 европа ;0.0;0.0
 хороший ;0.013328656810222078;0.0006468857644351739
 аналитический ;0.0;0.0025391136309826628
 аналог ;0.0;0.001764396536952362
 пояснять ;0.005790738281758129;0.0
 искусственный ;0.0;0.004492921291650335
 англия ;0.0032191255323092854;0.0
 статья ;0.003637644438945829;0.00316025520455559
 аппаратный ;0.0;0.0
 причем ;0.0;0.000882198268476181
 советский ;0.010172671015599894;0.0
 выявлять ;0.0;0.006194241794972683
 a ;0.0;0.0
 инновация ;0.0;0.0036396985884481364
 радостный ;0.004547565611633706;0.0
 понадобиться ;0.004120180372989972;0.0
 fi ;0.0;0.0008155703608242409
 понятный ;0.0;0.0
 сульшер ;0.01137602876650341;0.0
 награда ;0.0;0.0
 electronics ;0.0;0.0016311407216484817
 trolling ;0.0;0.0007024746061436067
 победа ;0.018787494027466767;0.0
 нхл ;0.011479751028663695;0.0
 оперативный ;0.0;0.0015608288082817254
 подход ;0.0;0.0026465948054285432
 прошлогодний ;0.0;0.0
 градус ;0.0;0.001140816611761391
 хоккейный ;0.01885811922748115;0.0
 уэйн ;0.0;0.0
 техника ;0.0;0.0045212055478263055
 смешно ;0.0048456951254711;0.0
 месся ;0.0049377777018848375;0.0
 кибербуллинг ;0.0;0.0030067493579053386
 линия ;0.0;0.0012840683453194624
 братислава ;0.0;0.0
 номер ;0.0;0.0014561348965125168
 корпорация ;0.0;0.0015033746789526693
 нужно ;0.0032191255323092854;0.0
 полагать ;0.0037722228774420287;0.0
 екатерина ;0.0;0.002787447635129822
 антиконкурентный ;0.0;0.0026465948054285432
 предусматривать ;0.0;0.0010164690875075284
 adreno ;0.0;0.0
 бой ;0.022514518842623694;0.0
 новинка ;0.0;0.0015539419381594595
 автор ;0.0;0.0033163175201044184
 приходиться ;0.0;0.0
 мешать ;0.0;0.0021138615816067327
 инициатива ;0.0;0.0014561348965125168
 контролировать ;0.0;0.001737495857404526
 тутберидзе ;0.0096913902509422;0.0
 вернуться ;0.004547565611633706;0.0
 речь ;0.0;0.000882198268476181
 корпус ;0.0;0.0019930804768008344
 действующий ;0.0;0.0
 звук ;0.0;0.0008155703608242409
 acer ;0.0;0.0
 почерпать ;0.0;0.0
 обычно ;0.0;0.0007024746061436067
 заметный ;0.0;0.0007024746061436067
 сделать ;0.01986780549281652;0.0012590459398338638
 телевизор ;0.0;0.002446711082472722
 сеть ;0.00328731257873919;0.005797459270339461
 mac ;0.0;0.0015005059429547979
 алгоритм ;0.0;0.002276107220124069
 оформление ;0.00802428187913506;0.0
 попытка ;0.0;0.0
 снижать ;0.0;0.0009197579154787124
 цельсий ;0.0;0.001140816611761391
 исходящий ;0.0;0.002787447635129822
 связанный ;0.0;0.0
 gps ;0.0;0.0012648234779355791
 вегас ;0.0;0.0
 рассылка ;0.0;0.0012840683453194624
 попробовать ;0.004120180372989972;0.0
 saab ;0.0;0.001140816611761391
 напряженность ;0.0;0.0015033746789526693
 относительный ;0.0;0.0007024746061436067
 грузовик ;0.0;0.0012840683453194624
 связывать ;0.0;0.0014561348965125168
 камера ;0.0;0.003086310577934341
 kryo ;0.0;0.0
 боец ;0.007504839614207898;0.0
 стерлинг ;0.0;0.0
 ограничивать ;0.0;0.001764396536952362
 зарабатывать ;0.0;0.0012840683453194624
 виртуальный ;0.0;0.0015033746789526693
 видеопоток ;0.0;0.002281633223522782
 бельт ;0.0;0.002281633223522782
 преступник ;0.0;0.0014561348965125168
 поимка ;0.0;0.0014561348965125168
 доллар ;0.0;0.0025736614585591686
 прибыль ;0.0;0.0012648234779355791
 качественный ;0.0;0.0012648234779355791
 dronedj ;0.0;0.001140816611761391
 внутренний ;0.0;0.0012840683453194624
 тип ;0.0;0.0014049492122872134
 ласа ;0.0;0.0
 адий ;0.015509748916583231;0.0
 встраивать ;0.0;0.0016950163877560726
 опасаться ;0.0;0.0014561348965125168
 слежка ;0.0;0.0014561348965125168
 сторонник ;0.0;0.000882198268476181
 евро ;0.0;0.0
 детальный ;0.0;0.000882198268476181
 умозаключение ;0.0048456951254711;0.0
 ultrafine ;0.0;0.00750252971477399
 яромир ;0.0;0.0
 крупный ;0.0;0.002281633223522782
 однако ;0.0043574577606932145;0.0018368038704152498
 qualcomm ;0.0;0.0
 практически ;0.0;0.0
 вырабатывать ;0.0;0.0026465948054285432
 россия ;0.017055121159018815;0.0016946075413091814
 язык ;0.005575377894532074;0.0006185538273587796
 соперничать ;0.0;0.0
 уметь ;0.0;0.0014561348965125168
 чешский ;0.0;0.0
 загрузка ;0.0;0.0012648234779355791
 успешно ;0.0;0.0012648234779355791
 серб ;0.012004428045134827;0.0
 икарди ;0.0;0.0
 синхронный ;0.006231613399747714;0.0
 нитрид ;0.0;0.001140816611761391
 остальной ;0.0;0.0
 тренд ;0.0;0.0017268134525657245
 забывать ;0.0048291998202196675;0.0012503735796400887
 список ;0.0;0.0
 штаб ;0.0;0.0
 постоянно ;0.0;0.002097285101570643
 плюс ;0.007754874458291616;0.0
 около ;0.0;0.0019056514708555008
 подходящий ;0.0;0.0015005059429547979
 прямой ;0.0;0.0032164806085219566
 продвигать ;0.0;0.0012840683453194624
 однокристальный ;0.0;0.0
 мгц ;0.0;0.0
 аппарат ;0.0;0.0034224498352841727
 тематика ;0.0;0.0025391136309826628
 производительность ;0.0;0.0
 задача ;0.0;0.0030156872263243134
 федеральный ;0.0;0.000882198268476181
 ригонять ;0.0;0.0
 отпаривание ;0.0;0.002032938175015057
 поддержка ;0.01229228792406797;0.0
 изменение ;0.0043574577606932145;0.00317647572134237
 невысокий ;0.0;0.0010164690875075284
 сборочный ;0.0;0.0012840683453194624
 предъявлять ;0.0;0.0012648234779355791
 решаться ;0.0037722228774420287;0.0
 кондиционер ;0.0;0.0008155703608242409
 монако ;0.01604856375827012;0.0
 упоминаемость ;0.0;0.0007024746061436067
 эйс ;0.012004428045134827;0.0
 яндекс ;0.0;0.0
 принципиальный ;0.004120180372989972;0.0
 последствие ;0.0;0.0007024746061436067
 эмоция ;0.009764644621446463;0.0
 c ;0.0;0.0010164690875075284
 причина ;0.0;0.004076420212210432
 гибкость ;0.0;0.0012840683453194624
 общественный ;0.0;0.0007024746061436067
 кроме ;0.0;0.0012840683453194624
 интер ;0.0049377777018848375;0.0
 каждый ;0.0;0.002828169359958635
 контроль ;0.0;0.002081316173070844
 рамка ;0.01356164305741274;0.0
 заранее ;0.0;0.0014561348965125168
 обо ;0.005790738281758129;0.0
 извиняться ;0.0059298411939483296;0.0
 увольнение ;0.0037722228774420287;0.0
 handle ;0.0;0.0012840683453194624
 наиболее ;0.0;0.0015005059429547979
 согласный ;0.0;0.002805546453605159
 частотка ;0.0;0.0007024746061436067
 угроза ;0.0;0.0007024746061436067
 транспортировка ;0.0;0.0012648234779355791
 помимо ;0.0;0.0014561348965125168
 руководитель ;0.0;0.0012648234779355791
 предыдущий ;0.006002214022567414;0.0
 федерация ;0.01838968874789084;0.0
 подавлять ;0.0;0.0020036583630647143
 zenpad ;0.0;0.0
 называть ;0.0;0.001783173750918902
 александр ;0.008612712862227393;0.0
 серебряный ;0.0;0.001140816611761391
 учет ;0.0;0.000882198268476181
 единственный ;0.007754874458291616;0.0
 v ;0.0;0.002281633223522782
 прежде ;0.004266735877218556;0.001377274889036659
 рухнуть ;0.0;0.0020036583630647143
 поток ;0.0;0.0008155703608242409
 объект ;0.0;0.006867572884180154
 х ;0.0;0.0
 ясно ;0.0;0.0
 дом ;0.0;0.004926994663257504
 корабль ;0.0;0.001140816611761391
 чистый ;0.0;0.0008155703608242409
 антикризисный ;0.0;0.0007024746061436067
 мю ;0.0075444457548840575;0.0
 работа ;0.004378269535496304;0.007311710112260749
 кошице ;0.0;0.0
 состояться ;0.005503507269767246;0.0007067929452445347
 скорость ;0.0;0.004080056939125603
 роботизация ;0.0;0.002787447635129822
 впечатление ;0.004547565611633706;0.0
 сережа ;0.006754623177550941;0.0
 прийти ;0.0;0.0
 направленность ;0.0;0.003108576949721003
 шаг ;0.0;0.0014561348965125168
 распространение ;0.005234893313715056;0.0012503735796400887
 приоритетный ;0.0;0.002787447635129822
 изучение ;0.0;0.0007024746061436067
 отмечать ;0.010638051924091459;0.0033795005148327018
 манчини ;0.0037722228774420287;0.0
 факт ;0.004083500003519881;0.0006185538273587796
 превосходить ;0.0;0.0020036583630647143
 личный ;0.004083500003519881;0.0012503735796400887
 выявление ;0.0;0.0036780402684593433
 окончательно ;0.0;0.0020036583630647143
 московский ;0.0034345301476441303;0.0
 перемена ;0.0;0.002805546453605159
 аттракцион ;0.0;0.0
 достаточно ;0.00802428187913506;0.0
 трудно ;0.0037722228774420287;0.0
 эффективный ;0.0;0.0008155703608242409
 подробность ;0.0;0.000989025476363698
 олимпиада ;0.005790738281758129;0.0
 е ;0.0;0.0
 пресс ;0.013278344377465303;0.0
 дизельный ;0.0;0.001140816611761391
 пользовательский ;0.0;0.0008155703608242409
 чат ;0.0;0.002787447635129822
 лаб ;0.0;0.002787447635129822
 модель ;0.0;0.005654488081560057
 встреча ;0.015702554972305785;0.0
 принадлежать ;0.0;0.0021138615816067327
 путевка ;0.0;0.0
 департамент ;0.0;0.002787447635129822
 воспроизводить ;0.0037722228774420287;0.0
 объем ;0.0;0.004501333451492226
 признак ;0.0;0.000882198268476181
 ущерб ;0.0;0.0030067493579053386
 надежный ;0.0;0.0012840683453194624
 механический ;0.0;0.0010164690875075284
 пытаться ;0.0032191255323092854;0.0
 бизнес ;0.0;0.007888539015082694
 спортивный ;0.0;0.0008155703608242409
 отбор ;0.0;0.002787447635129822
 инфополь ;0.0;0.003108576949721003
 блокировка ;0.0;0.000882198268476181
 инвективный ;0.0;0.0007024746061436067
 максим ;0.004547565611633706;0.0
 нара ;0.0;0.0
 боковой ;0.0;0.0
 аудио ;0.0;0.0008155703608242409
 следовать ;0.0;0.0016463637220753007
 протестировать ;0.0;0.0
 рубрика ;0.0;0.0009342788128660262
 маршрут ;0.0;0.002342664276347234
 пользователь ;0.003810401832155398;0.004198193990140053
 особенность ;0.0;0.0010922906967071456
 приступать ;0.0;0.00221651925041389
 повторяться ;0.0;0.00443303850082778
 искать ;0.0037722228774420287;0.0
 emsa ;0.0;0.001140816611761391
 проникать ;0.0;0.0008155703608242409
 запланировать ;0.0;0.0012648234779355791
 масштаб ;0.0;0.0020036583630647143
 материал ;0.0;0.001140816611761391
 программа ;0.00910525539966247;0.010038750653109685
 brand ;0.0;0.004816966905936023
 закономерный ;0.0;0.0
 покидать ;0.0049377777018848375;0.0
 являться ;0.0;0.0044254528970856
 накануне ;0.0;0.000882198268476181
 кларк ;0.015009679228415796;0.0
 практический ;0.0;0.0007024746061436067
 k ;0.0;0.010503541600683586
 иностранец ;0.0;0.0
 офлайн ;0.0;0.0007024746061436067
 нагрев ;0.0;0.002032938175015057
 миланский ;0.0049377777018848375;0.0
 предлагать ;0.0;0.0
 пантерзать ;0.004547565611633706;0.0
 реализация ;0.0;0.0
 комплекс ;0.0;0.0012648234779355791
 наставать ;0.0;0.002805546453605159
 глонасс ;0.0;0.0012648234779355791
 флагманский ;0.0;0.0
 парк ;0.0;0.0008155703608242409
 поменять ;0.0;0.002446711082472722
 площадка ;0.0049941495064383815;0.0012868307292795843
 cordless ;0.0;0.004065876350030114
 гб ;0.0;0.0
 оставаться ;0.0033051974156800947;0.003211478993023917
 соответственно ;0.0;0.0
 запуск ;0.0;0.0
 уходить ;0.005869446565515132;0.003266534098484195
 зарядка ;0.0;0.0008155703608242409
 тролль ;0.0;0.0015033746789526693
 заболевать ;0.007504839614207898;0.0
 организованный ;0.0;0.002787447635129822
 заканчиваться ;0.009988299012876763;0.0
 попраздновать ;0.004547565611633706;0.0
 агрегатор ;0.0;0.000882198268476181
 экспертный ;0.0;0.0020036583630647143
 обнаружение ;0.0;0.003108576949721003
 ливерпуль ;0.0032191255323092854;0.0
 выпад ;0.0048456951254711;0.0
 услуга ;0.0;0.0
 проект ;0.0;0.004974332654248086
 беспилотник ;0.0;0.002967076429091094
 весь ;0.005283176898067477;0.006412356751924487
 мониторинг ;0.0;0.005252894360467591
 зачастую ;0.0;0.001764396536952362
 латвия ;0.0;0.0
 уход ;0.0;0.0
 ограничение ;0.003501368491801853;0.0023145894933435497
 забота ;0.0;0.0020036583630647143
 разговор ;0.006754623177550941;0.0
 общепринятый ;0.0;0.0015033746789526693
 мотивация ;0.005790738281758129;0.0
 ufc ;0.022514518842623694;0.0
 ягр ;0.0;0.0
 высоко ;0.0;0.001140816611761391
 смешной ;0.0;0.0
 весна ;0.0;0.0
 пилотный ;0.0;0.002787447635129822
 последующий ;0.0048456951254711;0.0
 sports ;0.0;0.0
 бренд ;0.0;0.0036487668441127774
 контракт ;0.0;0.0
 видный ;0.0;0.001140816611761391
 недобросовестный ;0.0;0.0026465948054285432
 бор ;0.0;0.001140816611761391
 текущий ;0.0;0.0
 власть ;0.0;0.0
 затор ;0.0;0.0
 подпадать ;0.0;0.000882198268476181
 овертайм ;0.008320093772457859;0.0
 ученый ;0.0;0.0014561348965125168
 расчищать ;0.0;0.0015005059429547979
 европейский ;0.0;0.000989025476363698
 готовый ;0.0;0.0
 игрок ;0.011276050303927157;0.0005715126861324886
 достойный ;0.0059298411939483296;0.0
 сведение ;0.0;0.0
 opinion ;0.0;0.0007024746061436067
 вещь ;0.002666028187176542;0.002780098230012342
 распределять ;0.0;0.0012648234779355791
 снижение ;0.0;0.001377274889036659
 омск ;0.008240360745979943;0.0
 планироваться ;0.0;0.0023126138269626804
 подгорный ;0.0;0.0007024746061436067
 объединять ;0.0;0.0008155703608242409
 сторона ;0.004913965367382525;0.0006608613937528522
 пожелание ;0.0;0.0007024746061436067
 смарт ;0.0;0.0020036583630647143
 свыше ;0.0;0.00221651925041389
 сказать ;0.016376030555523825;0.0011137649591942888
 социальный ;0.003810401832155398;0.006117415846119927
 август ;0.0;0.0012840683453194624
 подводить ;0.0;0.000882198268476181
 становиться ;0.011842016440530158;0.00635719183568512
 система ;0.0;0.011227211678292846
 изощренно ;0.0;0.000882198268476181
 определять ;0.0;0.0023293983514247048
 ошибочно ;0.0;0.0012840683453194624
 пополняться ;0.0;0.0010164690875075284
 продлиться ;0.0;0.002787447635129822
 рынок ;0.0;0.00383258989761948
 интенсивность ;0.0;0.0007024746061436067
 запускать ;0.0;0.005212272609373931
 северный ;0.0073466869124243234;0.0
 д ;0.0;0.002368640378580044
 стадия ;0.0049941495064383815;0.0012371076547175591
 оказываться ;0.0028955843261582034;0.0
 негативный ;0.0;0.0007024746061436067
 рпл ;0.007754874458291616;0.0
 современный ;0.0;0.0030791509820157614
 сервис ;0.0;0.0057261682717993775
 серьезный ;0.0;0.0023266192505400247
 подешеветь ;0.0;0.0
 футболист ;0.008962003552079437;0.0
 ru ;0.0;0.0007715298311145166
 hardware ;0.0;0.0009342788128660262
 позволять ;0.0033051974156800947;0.005768853576840136
 вперед ;0.012004428045134827;0.0
 якобы ;0.0;0.002805546453605159
 обращать ;0.0;0.000882198268476181
 разрабатывать ;0.0;0.006437801472058525
 лю ;0.0;0.00221651925041389
 марк ;0.0;0.002568136690638925
 замглавы ;0.0;0.0026465948054285432
 находить ;0.007062160798689748;0.0023126138269626804
 проводить ;0.00743674293196944;0.0
 состав ;0.004502008432174336;0.0
 треть ;0.0;0.0
 спутниковый ;0.0;0.0012648234779355791
 санкт ;0.011318435327883394;0.0
 полностью ;0.0;0.00237912142598673
 дженас ;0.0037722228774420287;0.0
 выбор ;0.0;0.001764396536952362
 спортсмен ;0.0059298411939483296;0.0
 раздражать ;0.0;0.0015033746789526693
 следить ;0.0;0.001140816611761391
 поиск ;0.0;0.0039232735537664916
 life ;0.0;0.0014561348965125168
 есмантович ;0.013509246355101883;0.0
 мнение ;0.007302625535829166;0.0
 trucks ;0.0;0.007588940867613476
 ранний ;0.0;0.003108576949721003
 официальный ;0.0;0.0036383364979726274
 андроид ;0.0;0.0012840683453194624
 дрон ;0.0;0.002281633223522782
 попадать ;0.008733162519681419;0.0013217227875057043
 симпатия ;0.0048456951254711;0.0
 напоминать ;0.0;0.0015933122988472795
 интересный ;0.0;0.0
 японский ;0.005790738281758129;0.0
 ягра ;0.0;0.0
 включать ;0.0;0.002446711082472722
 иммунитет ;0.0;0.0014561348965125168
 стартапов ;0.0;0.002787447635129822
 участник ;0.0;0.0053369722734850035
 пообещать ;0.0;0.0
 множество ;0.0;0.0
 растериваться ;0.0;0.0
 собрание ;0.006153011037092207;0.0
 ффккр ;0.0048456951254711;0.0
 естественный ;0.0;0.0007024746061436067
 судя ;0.0;0.0
 центр ;0.0;0.0008155703608242409
 касаться ;0.008139652871120166;0.0015897337705216943
 заметка ;0.0;0.0
 щедрость ;0.0;0.0
 standard ;0.0;0.0007024746061436067
 камп ;0.0;0.0
 продумывать ;0.0037722228774420287;0.0
 пугающий ;0.0;0.0014561348965125168
 против ;0.010992947172102745;0.0
 очиститель ;0.0;0.0008155703608242409
 amazon ;0.0;0.0023586332048470336
 значиться ;0.012306022074184414;0.0
 поставлять ;0.0;0.0023266192505400247
 ресурс ;0.0;0.0025296469558711582
 пятый ;0.006312479520611608;0.0
 противоречие ;0.0;0.0014561348965125168
 рэпторс ;0.006002214022567414;0.0
 антипатия ;0.0048456951254711;0.0
 беспилотников ;0.0;0.0
 внедрять ;0.0;0.0025391136309826628
 отмечаться ;0.0;0.0
 мауро ;0.0;0.0
 должный ;0.0081007932593474;0.004304612250949967
 штырковый ;0.007504839614207898;0.0
 логично ;0.0;0.0
 соцсеть ;0.0;0.003423739685208314
 считать ;0.0;0.0015430596622290332
 нейронный ;0.0;0.0
 стоять ;0.003501368491801853;0.001783173750918902
 агрессивный ;0.0;0.0035123730307180336
 намерен ;0.006536186641039822;0.00221651925041389
 вербальный ;0.0;0.0007024746061436067
 проблема ;0.0026833436806091783;0.0033528046688575197
 итог ;0.0;0.001764396536952362
 деталь ;0.0;0.0012840683453194624
 домашний ;0.0;0.0008155703608242409
 вносить ;0.0;0.0012840683453194624
 светлана ;0.0;0.0007024746061436067
 тренер ;0.015398666247595387;0.0
 дэвин ;0.007504839614207898;0.0
 ромела ;0.0059298411939483296;0.0
 чехия ;0.0;0.0
 международный ;0.0;0.0
 писать ;0.0;0.002568136690638925
 сегодня ;0.0028754493169946094;0.00313762759483119
 пространство ;0.0;0.0032648688321162914
 бытовой ;0.0;0.003752863509635434
 карта ;0.0;0.0027873070844632187
 голос ;0.0;0.0009342788128660262
 забросить ;0.0;0.0
 мэджик ;0.006002214022567414;0.0
 де ;0.0;0.0
 октябрь ;0.0;0.0
 коммуникация ;0.0;0.0030791509820157614
 форвард ;0.010182934947043473;0.0
 судья ;0.0;0.0
 беспилотный ;0.0;0.001978050952727396
 послание ;0.006153011037092207;0.0
 настроение ;0.015509748916583231;0.0
 развивать ;0.0;0.0
 способствовать ;0.0;0.0021138615816067327
 четвертьфинал ;0.009009015357581505;0.0
 задний ;0.0;0.0021138615816067327
 g ;0.0;0.0016950163877560726
 analytics ;0.0;0.004816966905936023
 автоматически ;0.0;0.0008155703608242409
 препятствие ;0.0;0.000882198268476181
 тоттенхэм ;0.0032191255323092854;0.0
 маска ;0.0;0.0012840683453194624
 хотеть ;0.015266852065539167;0.0
 указывать ;0.0;0.0035637269052575834
 пускать ;0.006002214022567414;0.0
 поехать ;0.004120180372989972;0.0
 нападать ;0.007300378336429739;0.0
 проверять ;0.0;0.0008155703608242409
 уведомление ;0.0;0.0012648234779355791
 утюг ;0.0;0.005082345437537642
 местоположение ;0.0;0.0012648234779355791
 программный ;0.0;0.003727641055643325
 twitter ;0.0;0.0023266192505400247
 делать ;0.020179127665066306;0.0
 мощность ;0.0;0.0015539419381594595
 километр ;0.0;0.001140816611761391
 ситуация ;0.005503507269767246;0.0033184375861152935
 зависеть ;0.0;0.0021138615816067327
 актив ;0.0;0.0
 транспорт ;0.0;0.0021845813934142913
 спид ;0.0;0.0014561348965125168
 плавание ;0.006231613399747714;0.0
 продемонстрировать ;0.0;0.0012840683453194624
 нынешний ;0.004120180372989972;0.0
 конкурент ;0.0;0.000882198268476181
 убирать ;0.0;0.0
 заключаться ;0.0;0.002081316173070844
 значит ;0.007504839614207898;0.0
 сильно ;0.0;0.0
 осуждать ;0.009318393317234937;0.0
 выходить ;0.00366156070110838;0.001982739375166664
 вторник ;0.0;0.0
 ключевой ;0.0;0.0006185538273587796
 число ;0.0;0.004359849633162963
 билет ;0.0;0.0014561348965125168
 лето ;0.0;0.002568136690638925
 очередной ;0.004083500003519881;0.0
 обыгрывать ;0.012004428045134827;0.0
 тур ;0.00633441991283707;0.0
 десять ;0.0;0.000989025476363698
 кузнецов ;0.0;0.0009342788128660262
 реально ;0.0048456951254711;0.0
 достигать ;0.0;0.002032938175015057
 алекс ;0.0037722228774420287;0.0
 электронный ;0.0;0.0034068801900506954
 команда ;0.015214351191423605;0.001385176540675124
 погрузка ;0.0;0.0012648234779355791
 обнаруживать ;0.0;0.0021074238184308203
 второй ;0.00910525539966247;0.0
 взлетный ;0.0;0.001140816611761391
 средство ;0.006536186641039822;0.0010922906967071456
 швеция ;0.0;0.0
 неожиданный ;0.0;0.0
 ак ;0.0;0.0
 критика ;0.0048456951254711;0.0
 также ;0.0;0.006223568998899666
 заявка ;0.0;0.004492418642364192
 птица ;0.0;0.0012840683453194624
 счет ;0.01104133592771506;0.0014446753891144105
 издание ;0.0;0.0029122697930250335
 компания ;0.0;0.0126535271273458
 игра ;0.017129306829987458;0.0
 социально ;0.0;0.0007024746061436067
 цена ;0.0;0.0031989078907384977
 thinq ;0.0;0.002446711082472722
 сравнение ;0.0;0.0
 учреждение ;0.0;0.0021138615816067327
 значительно ;0.0;0.0021138615816067327
 помощь ;0.0021129308420437987;0.004851247474002992
 биометрический ;0.0;0.002787447635129822
 лидер ;0.0;0.0
 телематический ;0.0;0.0025296469558711582
 цзоха ;0.0;0.00221651925041389
 заметно ;0.0;0.0007024746061436067
 вайцеховская ;0.0145370853764133;0.0
 дубль ;0.0;0.0007024746061436067
 помогать ;0.004266735877218556;0.0025162015265133395
 температура ;0.0;0.0023000723060206
 допускать ;0.0;0.0007024746061436067
 поздравлять ;0.0;0.0
 тасс ;0.00511134437042554;0.0007715298311145166
 видео ;0.0;0.0006968619087824555
 верный ;0.0037722228774420287;0.0
 superjob ;0.0;0.000882198268476181
 сити ;0.0037722228774420287;0.0
 судно ;0.0;0.001140816611761391
 дешевый ;0.0;0.0
 несложный ;0.0;0.0015033746789526693
 борьба ;0.0;0.000882198268476181
 саммит ;0.0;0.0
 председатель ;0.003501368491801853;0.0007715298311145166
 вероятный ;0.0;0.0012868307292795843
 яд ;0.0;0.0012840683453194624
 сербский ;0.006002214022567414;0.0
 неправда ;0.004120180372989972;0.0
 пиксел ;0.0;0.0
 лукашенко ;0.006153011037092207;0.0
 браслет ;0.0;0.0014561348965125168
 жест ;0.012624959041223216;0.0
 швейцария ;0.0;0.0
 смена ;0.0;0.0
 единый ;0.0;0.0016311407216484817
 красный ;0.0059298411939483296;0.0
 матч ;0.031677427530901525;0.0
 сила ;0.003501368491801853;0.0006185538273587796
 протез ;0.0;0.0020036583630647143
 химик ;0.0;0.001140816611761391
 канал ;0.0;0.002787447635129822
 встречать ;0.0;0.0012840683453194624
 карло ;0.006002214022567414;0.0
 понимать ;0.0;0.0030925296813054328
 работать ;0.008048325352528952;0.0
 продавец ;0.0;0.0015005059429547979
 рейберт ;0.0;0.003852205035958388
 невозможность ;0.0;0.000882198268476181
 клуб ;0.018397728052478267;0.0
 израиль ;0.0;0.0
 вынужденный ;0.0;0.0
 хоккей ;0.008612712862227393;0.0
 больший ;0.0;0.000882198268476181
 магомед ;0.007754874458291616;0.0
 процессор ;0.0;0.0
 данные ;0.0;0.003429922787603681
 фас ;0.0;0.006175387879333267
 именно ;0.0048291998202196675;0.0007715298311145166
 купертинец ;0.0;0.0015005059429547979
 мочь ;0.007674566346291089;0.007098823934409074
 предотвращать ;0.0;0.0007024746061436067
 перспектива ;0.0037722228774420287;0.0
 hi ;0.0;0.002598744111743143
 особенно ;0.0;0.0
 представлять ;0.0030913585490104337;0.004787992345773306
 прибор ;0.0;0.0015539419381594595
 рано ;0.0;0.0
 достояние ;0.0;0.0021138615816067327
 уверять ;0.0;0.0
 сербия ;0.006002214022567414;0.0
 ческа ;0.0;0.0
 резервный ;0.0;0.0
 аргентинский ;0.0;0.0
 мин ;0.0;0.0
 повышение ;0.0;0.0007024746061436067
 стартовый ;0.0;0.0
 number ;0.005790738281758129;0.0
 народ ;0.006153011037092207;0.0
 джокович ;0.024008856090269655;0.0
 кладно ;0.0;0.0
 отображение ;0.0;0.0012648234779355791
 внезапно ;0.0;0.0020036583630647143
 сиак ;0.006002214022567414;0.0
 летний ;0.0;0.0
 проходить ;0.008121989814729998;0.0015767370198532726
 тактильный ;0.0;0.0014561348965125168
 нападающий ;0.007931799200130697;0.0
 повсеместный ;0.0;0.0021138615816067327
 обещать ;0.0;0.00221651925041389
 перевозчик ;0.0;0.0012648234779355791
 андрей ;0.0;0.0026465948054285432
 метр ;0.0;0.001140816611761391
 банковский ;0.0;0.002787447635129822
 цель ;0.0;0.0020840678342811934
 преобразование ;0.0;0.0008155703608242409
 далеко ;0.005790738281758129;0.0
 точный ;0.0;0.0012648234779355791
 испытывать ;0.004547565611633706;0.0
 взгляд ;0.0;0.0007024746061436067
 возмущение ;0.0;0.0007024746061436067
 существенно ;0.0;0.0021138615816067327
 привыкать ;0.0037722228774420287;0.0
 вместо ;0.0;0.0012503735796400887
 бомбардир ;0.007002736983603706;0.0
 использовать ;0.0;0.0037213718489865827
 просматривать ;0.0;0.0012648234779355791
 клиент ;0.0;0.008362342905389465
 опубликовывать ;0.0;0.00090023335421416
 готовность ;0.0;0.0007024746061436067
 мюнхенский ;0.0059298411939483296;0.0
 сложный ;0.0;0.000882198268476181
 хен ;0.0;0.0
 этап ;0.010344582731698818;0.0
 индивидуальность ;0.0037722228774420287;0.0
 передача ;0.0;0.0
 потенциальный ;0.0;0.003891859138304294
 формирование ;0.0;0.0007024746061436067
 андронов ;0.006754623177550941;0.0
 защитник ;0.0049941495064383815;0.0
 великобритания ;0.0;0.0
 четырехметровый ;0.0;0.001140816611761391
 бывать ;0.0;0.0
 сотня ;0.0;0.0012840683453194624
 джейн ;0.0;0.002805546453605159
 клавиатура ;0.0;0.006341584744820199
 лч ;0.0;0.0
 steam ;0.0;0.004065876350030114
 условие ;0.004120180372989972;0.0
 серийный ;0.0;0.0012840683453194624
 исчезать ;0.0;0.0030010118859095957
 фроловичева ;0.0;0.002787447635129822
 сегодняшний ;0.0;0.0
 килограмм ;0.0;0.002281633223522782
 добиваться ;0.0;0.001140816611761391
 впервые ;0.01712903290484842;0.0
 мамин ;0.009095131223267413;0.0
 наталья ;0.0;0.0007024746061436067
 инфраструктура ;0.0;0.0020036583630647143
 москва ;0.006995525942564838;0.0006608613937528522
 оценивать ;0.0;0.0034189099472471704
 ассортимент ;0.0;0.0010164690875075284
 идентификация ;0.0;0.002787447635129822
 деятельность ;0.0;0.0007024746061436067
 wi ;0.0;0.0008155703608242409
 создавать ;0.0;0.00610174949565074
 ассистент ;0.0;0.004227723163213465
 мадридский ;0.0;0.0
 запах ;0.006312479520611608;0.0
 кубок ;0.01175462392010199;0.0
 начало ;0.007754874458291616;0.0
 шведский ;0.0;0.000989025476363698
 hyatt ;0.0;0.0008155703608242409
 весьма ;0.0;0.0007024746061436067
 роберто ;0.0;0.0
 вовремя ;0.0;0.0015033746789526693
 городской ;0.0;0.0016950163877560726
 регулирование ;0.0;0.000882198268476181
 хоккеист ;0.00727868922212694;0.0
 знать ;0.009469501220108423;0.0
 ванда ;0.0;0.0
 стиль ;0.0037722228774420287;0.0
 режим ;0.0;0.0015539419381594595
 проблемный ;0.0;0.0007024746061436067
 девайса ;0.0;0.0021138615816067327
 npu ;0.0;0.0
 четвертый ;0.0105950592545234;0.0
 национальный ;0.0133511781722754;0.0
 нм ;0.0;0.0
 спортсменка ;0.005790738281758129;0.0
 расстояние ;0.0;0.001140816611761391
 маньчун ;0.0;0.002805546453605159
 применять ;0.0;0.002276107220124069
 антивирусный ;0.0;0.0008155703608242409
 эффективность ;0.0;0.0028754644476260477
 водитель ;0.0;0.003534962305203169
 диагональ ;0.0;0.0
 ничто ;0.004083500003519881;0.0
 обходиться ;0.0;0.0015033746789526693
 atp ;0.012004428045134827;0.0
 итоговый ;0.0;0.0
 стремительный ;0.0;0.0
 spotmini ;0.0;0.006420341726597313
 результативный ;0.0049941495064383815;0.0
 океан ;0.006754623177550941;0.0
 основа ;0.0;0.0010922906967071456
 росс ;0.006002214022567414;0.0
 действительно ;0.0;0.002805546453605159
 контент ;0.0;0.002805546453605159
 встречаться ;0.006002214022567414;0.0
 разряжать ;0.0;0.0007024746061436067
 исчезновение ;0.0;0.0015005059429547979
 бланк ;0.0;0.0021138615816067327
 прогноз ;0.004083500003519881;0.0016950163877560726
 выброс ;0.0;0.0034224498352841727
 технология ;0.0;0.006184658737036132
 сергей ;0.0;0.0008155703608242409
 заинтересовывать ;0.0;0.0
 нормативный ;0.0;0.000882198268476181
 фильтрация ;0.0;0.0007024746061436067
 семак ;0.0;0.0
 препятствовать ;0.0;0.000882198268476181
 zuohu ;0.0;0.00221651925041389
 рейнджерс ;0.0;0.0
 арена ;0.003139386746306088;0.0007461303678611407
 состоять ;0.0;0.001140816611761391
 неизвестно ;0.0;0.0010164690875075284
 роботизировать ;0.0;0.0
 сформировывать ;0.0;0.0007024746061436067
 реальность ;0.0048456951254711;0.0
 предположение ;0.0;0.0021138615816067327
 грег ;0.0;0.0
 человек ;0.0;0.004206760058116429
 акселерационный ;0.0;0.005574895270259644
 гость ;0.006002214022567414;0.0
 всплеск ;0.0;0.0014049492122872134
 парижский ;0.00802428187913506;0.0
 персона ;0.0;0.0025391136309826628
 брать ;0.0;0.001140816611761391
 пожар ;0.00802428187913506;0.0
 содержать ;0.0;0.000882198268476181
 митинг ;0.0;0.0007024746061436067
 норвегия ;0.0;0.0
 эмоциональный ;0.0037722228774420287;0.0
 палец ;0.0;0.0021138615816067327
 moscow ;0.0;0.0008155703608242409
 магазин ;0.0;0.0038604921878387533
 процветать ;0.0;0.0015033746789526693
 чей ;0.0;0.000882198268476181
 увы ;0.0;0.0008848208515938896
 западный ;0.006153011037092207;0.0
 приближаться ;0.0037722228774420287;0.0
 измеряться ;0.0;0.0015033746789526693
 персонал ;0.0;0.000882198268476181
 файл ;0.0;0.0008155703608242409
 обеспечиваться ;0.0;0.0019930804768008344
 важный ;0.0038676613586812064;0.0028472468755366327
 одиннадцатый ;0.006153011037092207;0.0
 напряжение ;0.0;0.0025391136309826628
 частность ;0.0;0.0032892080144307496
 soc ;0.0;0.0
 близкий ;0.00788392983295201;0.0037747470612111748
 общий ;0.009658877898051955;0.0
 создатель ;0.0;0.0012840683453194624
 способный ;0.0;0.003129723139462933
 договариваться ;0.009076746386333927;0.0
 смысл ;0.0;0.0007024746061436067
 lg ;0.0;0.012524367020480286
 новый ;0.003222664122573749;0.008712398409194784
 выигрывать ;0.006231613399747714;0.0
 лицо ;0.0027322829566328944;0.00412080933774676
 среда ;0.0;0.0029280582965410815
 маркер ;0.0;0.0007024746061436067
 ставить ;0.006720494024111139;0.0
 отправлять ;0.0;0.0008155703608242409
 голландский ;0.006312479520611608;0.0
 говорить ;0.009428813091262235;0.002046464796171655
 россиянин ;0.008011606708132363;0.0006586463229696157
 оля ;0.0075444457548840575;0.0
 анонс ;0.0;0.0
 лимит ;0.0;0.0
 редактирование ;0.0;0.0014561348965125168
 агентство ;0.0;0.001140816611761391
 баланс ;0.0;0.00221651925041389
 партнер ;0.0027322829566328944;0.00532455154185927
 построение ;0.0;0.0008155703608242409
 экс ;0.0037722228774420287;0.0
 calciomercato ;0.0;0.0
 уезжать ;0.009076746386333927;0.0
 достаточный ;0.0;0.00221651925041389
 желающий ;0.0;0.00221651925041389
 продолжаться ;0.006002214022567414;0.0
 криштиану ;0.006312479520611608;0.0
 тестирование ;0.0;0.0012840683453194624
 известный ;0.0033213048815686616;0.0018818466037336659
 соцмедиа ;0.0;0.0014049492122872134
 американский ;0.007504839614207898;0.0
 ученик ;0.0048456951254711;0.0
 сэр ;0.0037722228774420287;0.0
 информация ;0.0033653942686297225;0.003094696728978082
 белоруссия ;0.01539498010670049;0.0
 миллиард ;0.0;0.0020036583630647143
 игнорировать ;0.0048456951254711;0.0
 цитировать ;0.0;0.0
 очко ;0.0049941495064383815;0.0
 прошедший ;0.0;0.0
 датчанин ;0.0;0.001140816611761391
 кг ;0.0;0.0012840683453194624
 едва ;0.0;0.0
 преображать ;0.0;0.0008155703608242409
 telegraph ;0.0059298411939483296;0.0
 четвероногий ;0.0;0.0012840683453194624
 пониматься ;0.0;0.0015033746789526693
 досрочный ;0.00802428187913506;0.0
 большинство ;0.0;0.0020036583630647143
 вряд ;0.0;0.0
 авангард ;0.019069430283579377;0.0
 распознавание ;0.0;0.0014561348965125168
 вполне ;0.0;0.0
 хенрик ;0.0;0.0
 ускорять ;0.0;0.0021138615816067327
 дтп ;0.0;0.0
 будеевица ;0.0;0.0
 оптимально ;0.0;0.0012648234779355791
 общение ;0.0;0.0007024746061436067
 панель ;0.0;0.0019079691098071445
 внимание ;0.0048291998202196675;0.0007715298311145166
 бот ;0.0;0.002787447635129822
 вентилятор ;0.0;0.0008155703608242409
 получать ;0.006349079022849668;0.003668819600413792
 стабильность ;0.0;0.0020036583630647143
 мазут ;0.0;0.001140816611761391
 порядок ;0.0;0.000989025476363698
 драка ;0.0;0.0
 duplex ;0.0;0.0014561348965125168
 поединок ;0.007504839614207898;0.0
 кхл ;0.01823466095150159;0.0
 целый ;0.0;0.0015033746789526693
 скидка ;0.0;0.0
 назначать ;0.009657376596927857;0.0
 подчеркивать ;0.003637644438945829;0.0018368038704152498
 фирмино ;0.0;0.0
 сужать ;0.0;0.0007024746061436067
 продавать ;0.0049377777018848375;0.0012868307292795843
 сера ;0.0;0.0057040830588069545
 x ;0.0;0.0
 противоположный ;0.0;0.0
 поисковый ;0.0;0.0014561348965125168
 размер ;0.0;0.0
 имя ;0.004083500003519881;0.0008848208515938896
 ai ;0.0;0.002446711082472722
 окисление ;0.0;0.001140816611761391
 интеллектуальный ;0.0;0.0007024746061436067
 страничка ;0.0;0.0
 сожаление ;0.007504839614207898;0.0
 четыре ;0.006128688006699143;0.0
 убеждать ;0.0048456951254711;0.0
 плохой ;0.011569313226552125;0.0
 интерфейс ;0.0;0.0016463637220753007
 отрицательный ;0.0;0.0007024746061436067
 вода ;0.0;0.0010164690875075284
 соблюдение ;0.0;0.0015033746789526693
 колесо ;0.0;0.0012840683453194624
 сайт ;0.0035581151135972043;0.0027849855982601712
 поведение ;0.0;0.004410991342380905
 операция ;0.0;0.0012648234779355791
 обучение ;0.0;0.002446711082472722
 многие ;0.0;0.00221651925041389
 наставник ;0.0037722228774420287;0.0
 пыль ;0.0;0.0008155703608242409
 пробег ;0.0;0.0025296469558711582
 качество ;0.0;0.004004741524210876
 петербургский ;0.0;0.0
 завоевание ;0.0;0.0
 оборудование ;0.0;0.003794470433806738
 поправка ;0.0;0.0012840683453194624
 отзыв ;0.012306022074184414;0.0
 поторопиться ;0.0037722228774420287;0.0
 тащить ;0.0;0.0012840683453194624
 lpddr ;0.0;0.0
 пока ;0.0;0.0049790356057276795
 hdr ;0.0;0.0
 подвластный ;0.0;0.0008155703608242409
 адаптивный ;0.0;0.0012648234779355791
 старт ;0.0;0.00664955775124167
 лайович ;0.006002214022567414;0.0
 вопрос ;0.011021912018131482;0.0
 воздействие ;0.0;0.0015033746789526693
 data ;0.0;0.0007024746061436067
 накрывать ;0.0;0.0020036583630647143
 момент ;0.004069677703758874;0.0025864398855681902
 активность ;0.0;0.0007024746061436067
 восточный ;0.0049941495064383815;0.0
 схема ;0.003637644438945829;0.0009913654895433851
 аккаунт ;0.0;0.002805546453605159
 новость ;0.005172291365849409;0.0008155703608242409
 подобный ;0.0;0.003969067570675492
 скрывать ;0.0;0.005611092907210318
 сторонний ;0.0;0.0015005059429547979
 адрес ;0.0048456951254711;0.0
 например ;0.0;0.0029122697930250335
 популярность ;0.0;0.0
 обзор ;0.0;0.0012840683453194624
 sport ;0.004547565611633706;0.0
 заключение ;0.0;0.0014561348965125168
 нос ;0.0;0.0
 реакция ;0.0;0.0007024746061436067
 нью ;0.0;0.0
 тренировка ;0.011581476563516258;0.0
 тест ;0.0;0.0
 псж ;0.018010150983964482;0.0
 вничью ;0.00802428187913506;0.0
 модуль ;0.0;0.0012648234779355791
 call ;0.0;0.0007024746061436067
 загитов ;0.01737221484527439;0.0
 многий ;0.003992662303445458;0.0026187371866863715
 барс ;0.0;0.0
 назревать ;0.0;0.002805546453605159
 отсоединение ;0.0;0.0010164690875075284
 обеспечение ;0.0;0.000882198268476181
 передавать ;0.0029169981292689858;0.001652583275838861
 появляться ;0.0;0.0009324509050944274
 производство ;0.0;0.004838063245584655
 пристальный ;0.0;0.0007024746061436067
 метод ;0.0033213048815686616;0.001534096249748461
 полный ;0.0;0.001140816611761391
 серьезно ;0.00802428187913506;0.0
 кино ;0.0;0.0014561348965125168
 крылов ;0.008240360745979943;0.0
 очень ;0.008729429406777083;0.0014000888373030028
 отклонение ;0.0;0.0012648234779355791
 уникальный ;0.0;0.0007024746061436067
 массовый ;0.0;0.0040711810026953
 полузащитник ;0.008454018846024342;0.0
 подымать ;0.0;0.001108259625206945
 пк ;0.0;0.002981847117035657
 дания ;0.0;0.001140816611761391
 выражать ;0.0037722228774420287;0.0
 топливо ;0.0;0.002281633223522782
 фактический ;0.0;0.0025296469558711582
 выпускать ;0.0;0.001108259625206945
 возбуждать ;0.0;0.000882198268476181
 австрия ;0.0;0.0
 пройти ;0.01447464586164295;0.0
 шайба ;0.0;0.0
 абовский ;0.0;0.0
 вонг ;0.0;0.002805546453605159
 изменяться ;0.005790738281758129;0.0
 мир ;0.006344438282921918;0.002194196927236299
 дисплей ;0.0;0.0
 квартал ;0.0;0.0
 протяжение ;0.0;0.0
 иметься ;0.0;0.0010164690875075284
 часто ;0.0;0.003344729309897299
 посоветовать ;0.0;0.0014561348965125168
 зенит ;0.0;0.0
 омский ;0.0065739168939502185;0.0
 лукак ;0.0059298411939483296;0.0
 газ ;0.0;0.006844899670568345
 южный ;0.0;0.0020036583630647143
 давать ;0.0065739168939502185;0.0011389266374766803
 моуриньо ;0.0075444457548840575;0.0
 захотеть ;0.004120180372989972;0.0
 фиксироваться ;0.0;0.0010164690875075284
 русскоязычный ;0.0;0.0007024746061436067
 загруженность ;0.0;0.0
 сколково ;0.0;0.002360961179858574
 ошибка ;0.01481749883309643;0.0
 событие ;0.0;0.0017108445240659252
 холодильник ;0.0;0.0008155703608242409
 решение ;0.008075783099497512;0.007054795732939212
 apple ;0.0;0.006434153646397922
 решать ;0.0;0.001140816611761391
 резонансный ;0.0;0.0007024746061436067
 больница ;0.015009679228415796;0.0
 необходимость ;0.0;0.0007024746061436067
 начинать ;0.0;0.004532618435915787
 пылесос ;0.0;0.0008155703608242409
 продажа ;0.0;0.010338820403669442
 консолидация ;0.0;0.0008155703608242409
 бортовой ;0.0;0.0012648234779355791
 лишаться ;0.0;0.0014561348965125168
 раздевалка ;0.0;0.0
 государственный ;0.0;0.0021138615816067327
 начальник ;0.0;0.002787447635129822
 sanpdragon ;0.0;0.0
 настраивать ;0.004547565611633706;0.0
 турнир ;0.014160297088009933;0.0
 зрение ;0.0;0.001764396536952362
 mi ;0.0;0.007269087026753268
 ряд ;0.0;0.0
 сообщать ;0.012490135312458172;0.0025232232243638515
 фигуристка ;0.011581476563516258;0.0
 читать ;0.0048456951254711;0.0
 snapdragon ;0.0;0.0
 сей ;0.004502008432174336;0.003104206176573706
 безопасность ;0.0;0.001140816611761391
 говориться ;0.0;0.0017605553074782146
 флорида ;0.009095131223267413;0.0
 встроенный ;0.0;0.0007461303678611407
 получаться ;0.004120180372989972;0.0
 жизнь ;0.004266735877218556;0.0014922607357222813
 наличие ;0.0;0.0
 заявление ;0.0;0.0013900836584732961
 обладатель ;0.005575377894532074;0.0
 techcrunch ;0.0;0.0012840683453194624
 восстановление ;0.00802428187913506;0.0
 наносить ;0.0;0.0015033746789526693
 конференция ;0.007395896639359584;0.0006586463229696157
 финал ;0.01518915406774612;0.0
 туринский ;0.005234893313715056;0.0
 разблокировать ;0.0;0.0010164690875075284
 плодотворный ;0.0;0.000882198268476181
 необходимо ;0.0037722228774420287;0.0
 план ;0.0;0.0021138615816067327
 масса ;0.0;0.002281633223522782
 массив ;0.0;0.0014049492122872134
 headhunter ;0.0;0.000882198268476181
 прошлый ;0.0;0.0
 обратный ;0.0;0.0014561348965125168
 питер ;0.007504839614207898;0.0
 совет ;0.003501368491801853;0.0015430596622290332
 фергюсон ;0.0075444457548840575;0.0
 поблагодарить ;0.007504839614207898;0.0
 примечательно ;0.0;0.002805546453605159
 позиция ;0.0048456951254711;0.0
 возможность ;0.0;0.0036412297173850517
 конкуренция ;0.0;0.003528793073904724
 час ;0.0049941495064383815;0.001978050952727396
 идеальный ;0.0;0.00221651925041389
 тема ;0.0;0.001885057005337821
 уля ;0.0059298411939483296;0.0
 использоваться ;0.0;0.0017080449245124787
 интеллект ;0.0;0.004860662764476419
 динамо ;0.024612044148368827;0.0
 усиление ;0.004120180372989972;0.0
 чемпионат ;0.014733872320756593;0.0
 технический ;0.010344582731698818;0.0007715298311145166
 приложение ;0.0;0.005172261748546601
 намеренный ;0.0;0.0015033746789526693
 гагарин ;0.01175462392010199;0.0
 флагман ;0.0;0.0
 big ;0.0;0.0007024746061436067
 проигрывать ;0.010229042820153437;0.0
 телефон ;0.0;0.0020036583630647143
 тв ;0.007754874458291616;0.0
 синьор ;0.006312479520611608;0.0
 liu ;0.0;0.00221651925041389
 ядро ;0.0;0.0006185538273587796
 обвинять ;0.0;0.0
 го ;0.00633441991283707;0.0
 собор ;0.01604856375827012;0.0
 станция ;0.0;0.0010164690875075284
 сон ;0.0;0.0
 пролив ;0.0;0.001140816611761391
 служба ;0.004502008432174336;0.0012762562639828748
 история ;0.006438601298427757;0.002077878648148816
 планирование ;0.0;0.0012648234779355791
 составлять ;0.0;0.004523741099997869
 моделирование ;0.0;0.0012648234779355791
 углерод ;0.0;0.001140816611761391
 происходить ;0.0;0.0007024746061436067
 время ;0.0;0.008852363207516676
 катастрофа ;0.0;0.0020036583630647143
 кнопка ;0.0;0.0010164690875075284
 отправляться ;0.009076746386333927;0.0
 аяксом ;0.006312479520611608;0.0
 специалист ;0.003637644438945829;0.002046464796171655
 oneplus ;0.0;0.00886607700165556
 корея ;0.0;0.0020036583630647143
 лигт ;0.0;0.0
 отдельный ;0.0;0.0015033746789526693
 наш ;0.004913965367382525;0.0023849368253254987
 вышеуказанный ;0.0;0.0029122697930250335
 втб ;0.0;0.0008155703608242409
 удовлетворять ;0.0;0.00221651925041389
 переставать ;0.002666028187176542;0.0021177677783720313
 алина ;0.011581476563516258;0.0
 неделя ;0.0;0.0025096876632774213
 вокруг ;0.0;0.004485851838757662
 добавлять ;0.009658399640439335;0.0008155703608242409
 давно ;0.0;0.0021138615816067327
 инженер ;0.0;0.0012840683453194624
 скоро ;0.0;0.0008155703608242409
 стоить ;0.0;0.0015005059429547979
 запрос ;0.0;0.0014561348965125168
 навсегда ;0.0;0.0021138615816067327
 отвечать ;0.0;0.0012648234779355791
 технологический ;0.0;0.005019375326554843
 душан ;0.006002214022567414;0.0
 отключение ;0.0;0.0020036583630647143
 обнимать ;0.004547565611633706;0.0
 осознание ;0.005790738281758129;0.0
 cpu ;0.0;0.0
 смартфон ;0.0;0.006887369238546059
 место ;0.009135305633197803;0.0028217496358271515
 регион ;0.0;0.0025391136309826628
 поступок ;0.006312479520611608;0.0
 улучшать ;0.0;0.002787447635129822
 английский ;0.0;0.0
 прежний ;0.0;0.001783173750918902
 будущее ;0.0;0.0029830464538903242
 натренированный ;0.0;0.0021138615816067327
 образ ;0.0;0.0
 мировой ;0.010344582731698818;0.0
 данный ;0.006515995572021392;0.003131109042413766
 подписывать ;0.004120180372989972;0.0
 android ;0.0;0.0
 повышаться ;0.0;0.0007024746061436067
 падение ;0.0;0.0012840683453194624
 заседание ;0.0;0.001764396536952362
 путь ;0.0037722228774420287;0.0
 уайлд ;0.0;0.0
 юридический ;0.0;0.002787447635129822
 атлетико ;0.0;0.0
 автоматический ;0.0;0.0036780402684593433
 соглашаться ;0.0;0.0
 такси ;0.0;0.0015430596622290332
 шампанское ;0.0;0.0
 motorola ;0.0;0.0
 планшет ;0.0;0.0
 купить ;0.0;0.0030502186834664587
 убыток ;0.0;0.0015033746789526693
 декодирование ;0.0;0.0
 заказ ;0.0;0.0018638205278216624
 гигиена ;0.0;0.0015033746789526693
 выполнение ;0.0;0.003979514585271497
 связь ;0.0;0.005572541627763809
 ответный ;0.0;0.0
 третий ;0.01120544831652041;0.004319502967422642
 иван ;0.007504839614207898;0.0
 спасибо ;0.007504839614207898;0.0
 перечень ;0.0;0.0
 монооксид ;0.0;0.001140816611761391
 основной ;0.0;0.0017108445240659252
 эксперт ;0.0;0.0050442146821626215
 уровень ;0.0;0.0016994742439090551
 планомерно ;0.0;0.0
 сходить ;0.0;0.0012840683453194624
 потребитель ;0.0;0.000882198268476181
 ссылка ;0.0;0.001140816611761391
 правильный ;0.0;0.000882198268476181
 твиттер ;0.0;0.0
 монитор ;0.0;0.012004047543638383
 гуннар ;0.008156903234194122;0.0
 уникально ;0.0037722228774420287;0.0
 прокомментировать ;0.004547565611633706;0.0
 й ;0.006002214022567414;0.0
 любой ;0.004456681141690249;0.0039254017938460785
 организация ;0.0;0.002787447635129822
 дизайнер ;0.0;0.0008155703608242409
 вчера ;0.0;0.0
 примерно ;0.0048456951254711;0.0
 исследование ;0.0;0.002805546453605159
 пропускать ;0.0;0.0
 пора ;0.00511134437042554;0.001783173750918902
 ценный ;0.004547565611633706;0.0
 йорк ;0.0;0.0
 течение ;0.0;0.0008848208515938896
 катание ;0.008912699823739548;0.0
 автоматизированный ;0.0;0.000882198268476181
 приводиться ;0.0;0.000882198268476181
 экспресс ;0.0;0.0
 ожидаться ;0.0;0.0
 первый ;0.007195654942538072;0.0042808837734694604
 ахмат ;0.015509748916583231;0.0
 изображение ;0.00802428187913506;0.0
 расизм ;0.0;0.0015033746789526693
 подключать ;0.0;0.0020036583630647143
 бельгийский ;0.0059298411939483296;0.0
 оценка ;0.005172291365849409;0.001978050952727396
 uber ;0.0;0.0014561348965125168
 президент ;0.010686722264957614;0.0
 илья ;0.004120180372989972;0.0
 skeldar ;0.0;0.001140816611761391
 расплескивать ;0.0;0.0
 направление ;0.0;0.002787447635129822
 комплектовать ;0.0;0.0
 профилирование ;0.0;0.002787447635129822
 рассчитывать ;0.0;0.00221651925041389
 планета ;0.0037722228774420287;0.0
 группа ;0.0;0.0
 количество ;0.0;0.007598411578978855
 отель ;0.0;0.001876141293031856
 никто ;0.006754623177550941;0.0
 олимпийский ;0.0048291998202196675;0.0
 неподвижный ;0.0;0.0012840683453194624
 барселона ;0.0;0.0
 двигаться ;0.0;0.0012840683453194624
 резервуар ;0.0;0.0010164690875075284
 алюминиевый ;0.0;0.0010164690875075284
 сотрудник ;0.0;0.0012840683453194624
 должно ;0.0037722228774420287;0.0
 возможно ;0.0;0.004213721654759
 благодаря ;0.0;0.0025059700050862384
 иннополис ;0.0;0.0
 правда ;0.0;0.0012868307292795843
 пополнение ;0.0;0.0
 самый ;0.0071291562199205846;0.0006608613937528522
 передвижение ;0.0;0.0012648234779355791
 завершаться ;0.007300378336429739;0.0
 собственный ;0.004083500003519881;0.0012868307292795843
 большой ;0.004456681141690249;0.004263839746490323
 италия ;0.0043574577606932145;0.0
 атмосфера ;0.0;0.001140816611761391
 случай ;0.0;0.006748246437236501
 интерьер ;0.0;0.0008155703608242409
 последний ;0.0;0.002135429041812056
 коробка ;0.0;0.0012840683453194624
 повсеместно ;0.0;0.0020036583630647143
 коммерческий ;0.0;0.003911535638169963
 пять ;0.0;0.0022393990560037862
 балашиха ;0.004120180372989972;0.0
 увеличение ;0.0;0.0
 наполоть ;0.0;0.0
 выключать ;0.0;0.002446711082472722
 второе ;0.0;0.0
 борт ;0.0;0.001140816611761391
 владелец ;0.0;0.0
 вт ;0.0;0.0010164690875075284
 сплав ;0.0;0.0010164690875075284
 фхб ;0.012306022074184414;0.0
 балл ;0.01016644087228779;0.0
 чемпионский ;0.00802428187913506;0.0
 очки ;0.004120180372989972;0.0
 дело ;0.0;0.0015430596622290332
 одолевать ;0.0038453184206224704;0.0
 торонто ;0.024008856090269655;0.0
 приводить ;0.0038676613586812064;0.0013217227875057043
 гретцки ;0.0;0.0
 манкунианец ;0.0;0.0
 рассмотрение ;0.0;0.0026465948054285432
 новостной ;0.0;0.0
 относить ;0.0;0.0015033746789526693
 поступать ;0.0;0.002861932399894925
 набирать ;0.013489667504678615;0.0
 ход ;0.0;0.0
 разгрузка ;0.0;0.0012648234779355791
 видеть ;0.0;0.0007024746061436067
 прошлое ;0.0;0.005109407164066837
 запугивание ;0.0;0.0015033746789526693
 выпуск ;0.0;0.0
 содержание ;0.0;0.006844899670568345
 статус ;0.0;0.0019846675730366588
 серия ;0.023327264864441487;0.0
 соревнование ;0.006231613399747714;0.0
 ермолина ;0.0193827805018844;0.0
 повышать ;0.0;0.0025296469558711582
 sony ;0.0;0.0
 портал ;0.0;0.003751120738920266
 автомобиль ;0.0;0.0024147057602661717
 pixel ;0.0;0.0
 показывать ;0.006312479520611608;0.0
 сообщение ;0.0;0.004361921109234554
 гексагональный ;0.0;0.001140816611761391
 дивизион ;0.0;0.0
 востребовать ;0.0;0.0008155703608242409
 газпромбанк ;0.0;0.008362342905389465
 инстаграм ;0.007504839614207898;0.0
 чемпион ;0.004604545791386224;0.0
 джермэйн ;0.0037722228774420287;0.0
 выступление ;0.013321372009224126;0.0
 харасмент ;0.0;0.0015033746789526693
 старый ;0.006312479520611608;0.0
 быстро ;0.0;0.000882198268476181
 дополнять ;0.0;0.0014561348965125168
 госпожа ;0.0048456951254711;0.0
 орган ;0.0;0.000882198268476181
 круговой ;0.0;0.0012840683453194624
 нижний ;0.0;0.001140816611761391
 страна ;0.0;0.0
 фунт ;0.0;0.0
 требование ;0.0;0.0025296469558711582
 собирать ;0.00802428187913506;0.0
 банк ;0.0;0.005574895270259644
 успех ;0.0;0.0012840683453194624
 теннисист ;0.012004428045134827;0.0
 россиянка ;0.006231613399747714;0.0
 поражение ;0.006312479520611608;0.0
 tech ;0.0;0.002598744111743143
 июль ;0.0;0.0012840683453194624
 подконтрольный ;0.0;0.0020036583630647143
 подмосковный ;0.004120180372989972;0.0
 очередь ;0.0;0.0018638205278216624
 сша ;0.0;0.0016950163877560726
 терренс ;0.006002214022567414;0.0
 предпочитать ;0.0059298411939483296;0.0
 который ;0.011120951766369694;0.010775187291048297
 глава ;0.0;0.004239518345078669
 орландо ;0.024008856090269655;0.0
 премиальный ;0.0;0.0008155703608242409
 касперский ;0.0;0.0016311407216484817
 различать ;0.0;0.0008155703608242409
 нанометровый ;0.0;0.0
 шесть ;0.0;0.000989025476363698
 спровоцировать ;0.0;0.0
 побеждать ;0.01016644087228779;0.0
 травля ;0.0;0.0015033746789526693
 глобальный ;0.0;0.0008155703608242409
 вредоносный ;0.0;0.0008155703608242409
 предварительный ;0.006754623177550941;0.0
 семантический ;0.0;0.0007024746061436067
 заставлять ;0.0;0.0012840683453194624
 штука ;0.0;0.00221651925041389
 тактовый ;0.0;0.0
 строить ;0.0;0.0014561348965125168
 блэкаут ;0.0;0.0020036583630647143
 потреблять ;0.0;0.0010164690875075284
 покупатель ;0.0;0.0
 подготовка ;0.007754874458291616;0.0
 xx ;0.0;0.0
 германия ;0.0;0.0
 прекращать ;0.0;0.0015005059429547979
 прогресс ;0.0;0.0021138615816067327
 португальский ;0.006312479520611608;0.0
 стабилизировать ;0.0;0.0012840683453194624
 настигать ;0.0;0.0015033746789526693
 лишь ;0.0033213048815686616;0.0025256414358354423
 среди ;0.0;0.001108259625206945
 постепенно ;0.0;0.0019079691098071445
 малан ;0.0;0.0008155703608242409
 выпускаться ;0.0;0.0
 хотя ;0.0037722228774420287;0.0
 подбор ;0.0049941495064383815;0.0007715298311145166
 уверенный ;0.0;0.0007715298311145166
 субъект ;0.0;0.0015033746789526693
 кашевар ;0.0;0.000882198268476181
 межбанковский ;0.0;0.005574895270259644
 осуществлять ;0.0;0.000882198268476181
 даниил ;0.012004428045134827;0.0
 рассматривать ;0.006153011037092207;0.0
 точка ;0.006312479520611608;0.0
 styler ;0.0;0.0008155703608242409
 banktech ;0.0;0.005574895270259644
 год ;0.0018303043097838505;0.004289170034568519
 клопп ;0.0037722228774420287;0.0
 petrovsky ;0.0;0.0008155703608242409
 агент ;0.0049377777018848375;0.0
 перелагать ;0.0;0.0020036583630647143
 платформа ;0.0;0.0028183978066809367
 бета ;0.0;0.0012840683453194624
 строчка ;0.0;0.0014561348965125168
 показатель ;0.0;0.0
 среднее ;0.0;0.0
 российский ;0.0049941495064383815;0.000989025476363698
 человечество ;0.0;0.001876141293031856
 поддерживать ;0.009418160238918264;0.0007461303678611407
 предшественник ;0.0;0.00221651925041389
 сходу ;0.0;0.0007024746061436067
 конверсия ;0.0;0.001140816611761391
 ранее ;0.016319911599501878;0.0006596500966669293
 либо ;0.0038453184206224704;0.001783173750918902
 кластер ;0.0;0.0008155703608242409
